run_id,timestamp,timestamp_utc,asset,category,price,sma20,sma200,realized_vwap,p_dev,mvrv_ratio,mvrv_score,flow_ratio,flow_score,vol_ratio,vol_score,v_internal,vam_final,status,action,target_weight_pct,vam_market_final,market_regime,btc_score,altcoin_index,weight_btc_cap,weight_alt_cap,funding_rate_pct,leverage_status,leverage_penalty_pct,gold_ratio_paxg_btc,risk_paxg_pct,total_risk_penalty_pct,target_alloc_btc_pct,target_alloc_alt_pct,target_alloc_paxg_pct,target_alloc_usdt_pct,eth_rpc_source,eth_latest_block,eth_tx_count_5b,eth_active_addrs_5b,top_5_basket
20260905_155634,2026-09-05 15:56:34,2026-09-05 08:56:34 UTC,BTC,Core,79622.22,76462.0585,69718.2215,81766.4967,90.91,0.9738,9.65,0.9361,35.13,1.0567,52.83,49.66,47.19,CÂN BẰNG,GIỮ NGUYÊN TỶ TRỌNG CHUẨN,33.54,46.12,CÂN BẰNG CHU KỲ (Fair Value) -> Giữ cấu trúc danh mục ổn định,47.19,43.63,70.0,30.0,-0.0002,Đòn bẩy cân bằng (Neutral Leverage),0.0,0.055662,4.98,4.98,33.54,35.8,5.49,25.17,Live_RPC (ethereum-rpc.publicnode.com),25910070,970,1129,"ETH,BNB,XRP,SOL,TRX"
20260905_155634,2026-09-05 15:56:34,2026-09-05 08:56:34 UTC,ETH,Altcoin,2455.63,2388.5265,2036.9543,2737.796,90.81,0.8969,5.39,0.9591,43.59,1.213,60.65,51.22,48.66,CÂN BẰNG,GIỮ NGUYÊN TỶ TRỌNG CHUẨN,7.16,46.12,CÂN BẰNG CHU KỲ (Fair Value) -> Giữ cấu trúc danh mục ổn định,47.19,43.63,70.0,30.0,-0.0002,Đòn bẩy cân bằng (Neutral Leverage),0.0,0.055662,4.98,4.98,33.54,35.8,5.49,25.17,Live_RPC (ethereum-rpc.publicnode.com),25910070,970,1129,"ETH,BNB,XRP,SOL,TRX"
20260905_155634,2026-09-05 15:56:34,2026-09-05 08:56:34 UTC,BNB,Altcoin,750.4,686.1925,620.5716,875.2214,93.48,0.8574,3.19,0.9559,50.71,0.9753,48.77,51.13,48.58,CÂN BẰNG,GIỮ NGUYÊN TỶ TRỌNG CHUẨN,7.16,46.12,CÂN BẰNG CHU KỲ (Fair Value) -> Giữ cấu trúc danh mục ổn định,47.19,43.63,70.0,30.0,-0.0002,Đòn bẩy cân bằng (Neutral Leverage),0.0,0.055662,4.98,4.98,33.54,35.8,5.49,25.17,Live_RPC (ethereum-rpc.publicnode.com),25910070,970,1129,"ETH,BNB,XRP,SOL,TRX"
20260905_155634,2026-09-05 15:56:34,2026-09-05 08:56:34 UTC,XRP,Altcoin,1.4062,1.3542,1.2744,1.7663,93.37,0.7961,0.0,0.9707,68.41,0.8836,44.18,52.99,50.35,CÂN BẰNG,GIỮ NGUYÊN TỶ TRỌNG CHUẨN,7.16,46.12,CÂN BẰNG CHU KỲ (Fair Value) -> Giữ cấu trúc danh mục ổn định,47.19,43.63,70.0,30.0,-0.0002,Đòn bẩy cân bằng (Neutral Leverage),0.0,0.055662,4.98,4.98,33.54,35.8,5.49,25.17,Live_RPC (ethereum-rpc.publicnode.com),25910070,970,1129,"ETH,BNB,XRP,SOL,TRX"
20260905_155634,2026-09-05 15:56:34,2026-09-05 08:56:34 UTC,SOL,Altcoin,102.51,96.962,82.3508,123.9092,91.23,0.8273,1.52,1.0047,47.96,0.7104,35.52,47.31,44.95,CÂN BẰNG,GIỮ NGUYÊN TỶ TRỌNG CHUẨN,7.16,46.12,CÂN BẰNG CHU KỲ (Fair Value) -> Giữ cấu trúc danh mục ổn định,47.19,43.63,70.0,30.0,-0.0002,Đòn bẩy cân bằng (Neutral Leverage),0.0,0.055662,4.98,4.98,33.54,35.8,5.49,25.17,Live_RPC (ethereum-rpc.publicnode.com),25910070,970,1129,"ETH,BNB,XRP,SOL,TRX"
20260905_155634,2026-09-05 15:56:34,2026-09-05 08:56:34 UTC,TRX,Altcoin,0.3328,0.3358,0.3245,0.31,27.56,1.0735,15.19,0.8358,28.84,0.9314,46.57,26.96,25.61,ĐỊNH GIÁ THẤP,TÍCH LŨY MẠNH (+Tỷ trọng),7.16,46.12,CÂN BẰNG CHU KỲ (Fair Value) -> Giữ cấu trúc danh mục ổn định,47.19,43.63,70.0,30.0,-0.0002,Đòn bẩy cân bằng (Neutral Leverage),0.0,0.055662,4.98,4.98,33.54,35.8,5.49,25.17,Live_RPC (ethereum-rpc.publicnode.com),25910070,970,1129,"ETH,BNB,XRP,SOL,TRX"
20260905_155634,2026-09-05 15:56:34,2026-09-05 08:56:34 UTC,PAXG,Hedge,4431.95,,,,,,,,,,,,,Phòng thủ Vĩ mô,Bảo hiểm tài sản,5.49,46.12,CÂN BẰNG CHU KỲ (Fair Value) -> Giữ cấu trúc danh mục ổn định,47.19,43.63,70.0,30.0,-0.0002,Đòn bẩy cân bằng (Neutral Leverage),0.0,0.055662,4.98,4.98,33.54,35.8,5.49,25.17,Live_RPC (ethereum-rpc.publicnode.com),25910070,970,1129,"ETH,BNB,XRP,SOL,TRX"
20260905_155634,2026-09-05 15:56:34,2026-09-05 08:56:34 UTC,USDT,Cash,1.0,,,,,,,,,,,,,Thanh khoản Chờ Gom,Dry Powder,25.17,46.12,CÂN BẰNG CHU KỲ (Fair Value) -> Giữ cấu trúc danh mục ổn định,47.19,43.63,70.0,30.0,-0.0002,Đòn bẩy cân bằng (Neutral Leverage),0.0,0.055662,4.98,4.98,33.54,35.8,5.49,25.17,Live_RPC (ethereum-rpc.publicnode.com),25910070,970,1129,"ETH,BNB,XRP,SOL,TRX"
20260905_160351,2026-09-05 16:03:51,2026-09-05 09:03:51 UTC,BTC,Core,79688.71,76465.383,69718.554,81766.5023,90.97,0.9746,9.7,0.9361,35.13,1.0567,52.83,49.7,47.24,CÂN BẰNG,GIỮ NGUYÊN TỶ TRỌNG CHUẨN,33.53,46.17,CÂN BẰNG CHU KỲ (Fair Value) -> Giữ cấu trúc danh mục ổn định,47.24,43.68,70.0,30.0,-0.0002,Đòn bẩy cân bằng (Neutral Leverage),0.0,0.055621,4.94,4.94,33.53,35.8,5.47,25.2,Live_RPC (ethereum-rpc.publicnode.com),25910106,1243,1418,"ETH,BNB,XRP,SOL,TRX"
20260905_160351,2026-09-05 16:03:51,2026-09-05 09:03:51 UTC,ETH,Altcoin,2458.33,2388.6615,2036.9678,2737.7959,90.86,0.8979,5.44,0.9591,43.59,1.213,60.65,51.25,48.72,CÂN BẰNG,GIỮ NGUYÊN TỶ TRỌNG CHUẨN,7.16,46.17,CÂN BẰNG CHU KỲ (Fair Value) -> Giữ cấu trúc danh mục ổn định,47.24,43.68,70.0,30.0,-0.0002,Đòn bẩy cân bằng (Neutral Leverage),0.0,0.055621,4.94,4.94,33.53,35.8,5.47,25.2,Live_RPC (ethereum-rpc.publicnode.com),25910106,1243,1418,"ETH,BNB,XRP,SOL,TRX"
20260905_160351,2026-09-05 16:03:51,2026-09-05 09:03:51 UTC,BNB,Altcoin,750.02,686.1735,620.5698,875.2177,93.46,0.857,3.16,0.9559,50.71,0.9753,48.77,51.12,48.59,CÂN BẰNG,GIỮ NGUYÊN TỶ TRỌNG CHUẨN,7.16,46.17,CÂN BẰNG CHU KỲ (Fair Value) -> Giữ cấu trúc danh mục ổn định,47.24,43.68,70.0,30.0,-0.0002,Đòn bẩy cân bằng (Neutral Leverage),0.0,0.055621,4.94,4.94,33.53,35.8,5.47,25.2,Live_RPC (ethereum-rpc.publicnode.com),25910106,1243,1418,"ETH,BNB,XRP,SOL,TRX"
20260905_160351,2026-09-05 16:03:51,2026-09-05 09:03:51 UTC,XRP,Altcoin,1.408,1.3543,1.2744,1.7663,93.43,0.7971,0.0,0.9707,68.41,0.8836,44.18,53.01,50.39,CÂN BẰNG,GIỮ NGUYÊN TỶ TRỌNG CHUẨN,7.16,46.17,CÂN BẰNG CHU KỲ (Fair Value) -> Giữ cấu trúc danh mục ổn định,47.24,43.68,70.0,30.0,-0.0002,Đòn bẩy cân bằng (Neutral Leverage),0.0,0.055621,4.94,4.94,33.53,35.8,5.47,25.2,Live_RPC (ethereum-rpc.publicnode.com),25910106,1243,1418,"ETH,BNB,XRP,SOL,TRX"
20260905_160351,2026-09-05 16:03:51,2026-09-05 09:03:51 UTC,SOL,Altcoin,102.73,96.973,82.3518,123.9091,91.31,0.8291,1.62,1.0047,47.96,0.7104,35.52,47.36,45.02,CÂN BẰNG,GIỮ NGUYÊN TỶ TRỌNG CHUẨN,7.16,46.17,CÂN BẰNG CHU KỲ (Fair Value) -> Giữ cấu trúc danh mục ổn định,47.24,43.68,70.0,30.0,-0.0002,Đòn bẩy cân bằng (Neutral Leverage),0.0,0.055621,4.94,4.94,33.53,35.8,5.47,25.2,Live_RPC (ethereum-rpc.publicnode.com),25910106,1243,1418,"ETH,BNB,XRP,SOL,TRX"
20260905_160351,2026-09-05 16:03:51,2026-09-05 09:03:51 UTC,TRX,Altcoin,0.3329,0.3358,0.3245,0.31,27.67,1.0738,15.21,0.8358,28.84,0.9314,46.57,27.0,25.67,ĐỊNH GIÁ THẤP,TÍCH LŨY MẠNH (+Tỷ trọng),7.16,46.17,CÂN BẰNG CHU KỲ (Fair Value) -> Giữ cấu trúc danh mục ổn định,47.24,43.68,70.0,30.0,-0.0002,Đòn bẩy cân bằng (Neutral Leverage),0.0,0.055621,4.94,4.94,33.53,35.8,5.47,25.2,Live_RPC (ethereum-rpc.publicnode.com),25910106,1243,1418,"ETH,BNB,XRP,SOL,TRX"
20260905_160351,2026-09-05 16:03:51,2026-09-05 09:03:51 UTC,PAXG,Hedge,4432.35,,,,,,,,,,,,,Phòng thủ Vĩ mô,Bảo hiểm tài sản,5.47,46.17,CÂN BẰNG CHU KỲ (Fair Value) -> Giữ cấu trúc danh mục ổn định,47.24,43.68,70.0,30.0,-0.0002,Đòn bẩy cân bằng (Neutral Leverage),0.0,0.055621,4.94,4.94,33.53,35.8,5.47,25.2,Live_RPC (ethereum-rpc.publicnode.com),25910106,1243,1418,"ETH,BNB,XRP,SOL,TRX"
20260905_160351,2026-09-05 16:03:51,2026-09-05 09:03:51 UTC,USDT,Cash,1.0,,,,,,,,,,,,,Thanh khoản Chờ Gom,Dry Powder,25.2,46.17,CÂN BẰNG CHU KỲ (Fair Value) -> Giữ cấu trúc danh mục ổn định,47.24,43.68,70.0,30.0,-0.0002,Đòn bẩy cân bằng (Neutral Leverage),0.0,0.055621,4.94,4.94,33.53,35.8,5.47,25.2,Live_RPC (ethereum-rpc.publicnode.com),25910106,1243,1418,"ETH,BNB,XRP,SOL,TRX"
20260905_160515,2026-09-05 16:05:15,2026-09-05 09:05:15 UTC,BTC,Core,79698.14,76465.8545,69718.6011,81766.5008,90.97,0.9747,9.71,0.9361,35.13,1.0567,52.83,49.7,47.25,CÂN BẰNG,GIỮ NGUYÊN TỶ TRỌNG CHUẨN,33.53,46.18,CÂN BẰNG CHU KỲ (Fair Value) -> Giữ cấu trúc danh mục ổn định,47.25,43.68,70.0,30.0,-0.0002,Đòn bẩy cân bằng (Neutral Leverage),0.0,0.055614,4.94,4.94,33.53,35.8,5.47,25.2,Live_RPC (ethereum-rpc.publicnode.com),25910113,1154,1327,"ETH,BNB,XRP,SOL,TRX"
20260905_160515,2026-09-05 16:05:15,2026-09-05 09:05:15 UTC,ETH,Altcoin,2458.71,2388.6805,2036.9697,2737.7958,90.87,0.8981,5.45,0.9591,43.59,1.213,60.65,51.25,48.72,CÂN BẰNG,GIỮ NGUYÊN TỶ TRỌNG CHUẨN,7.16,46.18,CÂN BẰNG CHU KỲ (Fair Value) -> Giữ cấu trúc danh mục ổn định,47.25,43.68,70.0,30.0,-0.0002,Đòn bẩy cân bằng (Neutral Leverage),0.0,0.055614,4.94,4.94,33.53,35.8,5.47,25.2,Live_RPC (ethereum-rpc.publicnode.com),25910113,1154,1327,"ETH,BNB,XRP,SOL,TRX"
20260905_160515,2026-09-05 16:05:15,2026-09-05 09:05:15 UTC,BNB,Altcoin,749.07,686.126,620.565,875.2154,93.41,0.8559,3.1,0.9559,50.71,0.9753,48.77,51.08,48.56,CÂN BẰNG,GIỮ NGUYÊN TỶ TRỌNG CHUẨN,7.16,46.18,CÂN BẰNG CHU KỲ (Fair Value) -> Giữ cấu trúc danh mục ổn định,47.25,43.68,70.0,30.0,-0.0002,Đòn bẩy cân bằng (Neutral Leverage),0.0,0.055614,4.94,4.94,33.53,35.8,5.47,25.2,Live_RPC (ethereum-rpc.publicnode.com),25910113,1154,1327,"ETH,BNB,XRP,SOL,TRX"
20260905_160515,2026-09-05 16:05:15,2026-09-05 09:05:15 UTC,XRP,Altcoin,1.4077,1.3543,1.2744,1.7663,93.42,0.797,0.0,0.9707,68.41,0.8836,44.18,53.01,50.39,CÂN BẰNG,GIỮ NGUYÊN TỶ TRỌNG CHUẨN,7.16,46.18,CÂN BẰNG CHU KỲ (Fair Value) -> Giữ cấu trúc danh mục ổn định,47.25,43.68,70.0,30.0,-0.0002,Đòn bẩy cân bằng (Neutral Leverage),0.0,0.055614,4.94,4.94,33.53,35.8,5.47,25.2,Live_RPC (ethereum-rpc.publicnode.com),25910113,1154,1327,"ETH,BNB,XRP,SOL,TRX"
20260905_160515,2026-09-05 16:05:15,2026-09-05 09:05:15 UTC,SOL,Altcoin,102.78,96.9755,82.3521,123.9091,91.33,0.8295,1.64,1.0047,47.96,0.7104,35.52,47.38,45.04,CÂN BẰNG,GIỮ NGUYÊN TỶ TRỌNG CHUẨN,7.16,46.18,CÂN BẰNG CHU KỲ (Fair Value) -> Giữ cấu trúc danh mục ổn định,47.25,43.68,70.0,30.0,-0.0002,Đòn bẩy cân bằng (Neutral Leverage),0.0,0.055614,4.94,4.94,33.53,35.8,5.47,25.2,Live_RPC (ethereum-rpc.publicnode.com),25910113,1154,1327,"ETH,BNB,XRP,SOL,TRX"
20260905_160515,2026-09-05 16:05:15,2026-09-05 09:05:15 UTC,TRX,Altcoin,0.3329,0.3358,0.3245,0.31,27.67,1.0738,15.21,0.8358,28.84,0.9314,46.57,27.0,25.67,ĐỊNH GIÁ THẤP,TÍCH LŨY MẠNH (+Tỷ trọng),7.16,46.18,CÂN BẰNG CHU KỲ (Fair Value) -> Giữ cấu trúc danh mục ổn định,47.25,43.68,70.0,30.0,-0.0002,Đòn bẩy cân bằng (Neutral Leverage),0.0,0.055614,4.94,4.94,33.53,35.8,5.47,25.2,Live_RPC (ethereum-rpc.publicnode.com),25910113,1154,1327,"ETH,BNB,XRP,SOL,TRX"
20260905_160515,2026-09-05 16:05:15,2026-09-05 09:05:15 UTC,PAXG,Hedge,4432.35,,,,,,,,,,,,,Phòng thủ Vĩ mô,Bảo hiểm tài sản,5.47,46.18,CÂN BẰNG CHU KỲ (Fair Value) -> Giữ cấu trúc danh mục ổn định,47.25,43.68,70.0,30.0,-0.0002,Đòn bẩy cân bằng (Neutral Leverage),0.0,0.055614,4.94,4.94,33.53,35.8,5.47,25.2,Live_RPC (ethereum-rpc.publicnode.com),25910113,1154,1327,"ETH,BNB,XRP,SOL,TRX"
20260905_160515,2026-09-05 16:05:15,2026-09-05 09:05:15 UTC,USDT,Cash,1.0,,,,,,,,,,,,,Thanh khoản Chờ Gom,Dry Powder,25.2,46.18,CÂN BẰNG CHU KỲ (Fair Value) -> Giữ cấu trúc danh mục ổn định,47.25,43.68,70.0,30.0,-0.0002,Đòn bẩy cân bằng (Neutral Leverage),0.0,0.055614,4.94,4.94,33.53,35.8,5.47,25.2,Live_RPC (ethereum-rpc.publicnode.com),25910113,1154,1327,"ETH,BNB,XRP,SOL,TRX"
20260905_160515,2026-09-05 16:05:15,2026-09-05 09:05:15 UTC,BTC,Core,79698.14,76465.8545,69718.6011,81766.5008,90.97,0.9747,9.71,0.9361,35.13,1.0567,52.83,49.7,47.25,CÂN BẰNG,GIỮ NGUYÊN TỶ TRỌNG CHUẨN,33.53,46.18,CÂN BẰNG CHU KỲ (Fair Value) -> Giữ cấu trúc danh mục ổn định,47.25,43.67,70.0,30.0,-0.0002,Đòn bẩy cân bằng (Neutral Leverage),0.0,0.055614,4.94,4.94,33.53,35.8,5.47,25.2,Live_RPC (ethereum-rpc.publicnode.com),25910113,1154,1327,"ETH,BNB,XRP,SOL,TRX"
20260905_160515,2026-09-05 16:05:15,2026-09-05 09:05:15 UTC,ETH,Altcoin,2458.7,2388.68,2036.9696,2737.7958,90.87,0.8981,5.45,0.9591,43.59,1.213,60.65,51.25,48.72,CÂN BẰNG,GIỮ NGUYÊN TỶ TRỌNG CHUẨN,7.16,46.18,CÂN BẰNG CHU KỲ (Fair Value) -> Giữ cấu trúc danh mục ổn định,47.25,43.67,70.0,30.0,-0.0002,Đòn bẩy cân bằng (Neutral Leverage),0.0,0.055614,4.94,4.94,33.53,35.8,5.47,25.2,Live_RPC (ethereum-rpc.publicnode.com),25910113,1154,1327,"ETH,BNB,XRP,SOL,TRX"
20260905_160515,2026-09-05 16:05:15,2026-09-05 09:05:15 UTC,BNB,Altcoin,749.01,686.123,620.5647,875.2153,93.4,0.8558,3.1,0.9559,50.71,0.9753,48.77,51.08,48.56,CÂN BẰNG,GIỮ NGUYÊN TỶ TRỌNG CHUẨN,7.16,46.18,CÂN BẰNG CHU KỲ (Fair Value) -> Giữ cấu trúc danh mục ổn định,47.25,43.67,70.0,30.0,-0.0002,Đòn bẩy cân bằng (Neutral Leverage),0.0,0.055614,4.94,4.94,33.53,35.8,5.47,25.2,Live_RPC (ethereum-rpc.publicnode.com),25910113,1154,1327,"ETH,BNB,XRP,SOL,TRX"
20260905_160515,2026-09-05 16:05:15,2026-09-05 09:05:15 UTC,XRP,Altcoin,1.4077,1.3543,1.2744,1.7663,93.42,0.797,0.0,0.9707,68.41,0.8836,44.18,53.01,50.39,CÂN BẰNG,GIỮ NGUYÊN TỶ TRỌNG CHUẨN,7.16,46.18,CÂN BẰNG CHU KỲ (Fair Value) -> Giữ cấu trúc danh mục ổn định,47.25,43.67,70.0,30.0,-0.0002,Đòn bẩy cân bằng (Neutral Leverage),0.0,0.055614,4.94,4.94,33.53,35.8,5.47,25.2,Live_RPC (ethereum-rpc.publicnode.com),25910113,1154,1327,"ETH,BNB,XRP,SOL,TRX"
20260905_160515,2026-09-05 16:05:15,2026-09-05 09:05:15 UTC,SOL,Altcoin,102.78,96.9755,82.3521,123.9091,91.33,0.8295,1.64,1.0047,47.96,0.7104,35.52,47.38,45.04,CÂN BẰNG,GIỮ NGUYÊN TỶ TRỌNG CHUẨN,7.16,46.18,CÂN BẰNG CHU KỲ (Fair Value) -> Giữ cấu trúc danh mục ổn định,47.25,43.67,70.0,30.0,-0.0002,Đòn bẩy cân bằng (Neutral Leverage),0.0,0.055614,4.94,4.94,33.53,35.8,5.47,25.2,Live_RPC (ethereum-rpc.publicnode.com),25910113,1154,1327,"ETH,BNB,XRP,SOL,TRX"
20260905_160515,2026-09-05 16:05:15,2026-09-05 09:05:15 UTC,TRX,Altcoin,0.3329,0.3358,0.3245,0.31,27.67,1.0738,15.21,0.8358,28.84,0.9314,46.57,27.0,25.67,ĐỊNH GIÁ THẤP,TÍCH LŨY MẠNH (+Tỷ trọng),7.16,46.18,CÂN BẰNG CHU KỲ (Fair Value) -> Giữ cấu trúc danh mục ổn định,47.25,43.67,70.0,30.0,-0.0002,Đòn bẩy cân bằng (Neutral Leverage),0.0,0.055614,4.94,4.94,33.53,35.8,5.47,25.2,Live_RPC (ethereum-rpc.publicnode.com),25910113,1154,1327,"ETH,BNB,XRP,SOL,TRX"
20260905_160515,2026-09-05 16:05:15,2026-09-05 09:05:15 UTC,PAXG,Hedge,4432.35,,,,,,,,,,,,,Phòng thủ Vĩ mô,Bảo hiểm tài sản,5.47,46.18,CÂN BẰNG CHU KỲ (Fair Value) -> Giữ cấu trúc danh mục ổn định,47.25,43.67,70.0,30.0,-0.0002,Đòn bẩy cân bằng (Neutral Leverage),0.0,0.055614,4.94,4.94,33.53,35.8,5.47,25.2,Live_RPC (ethereum-rpc.publicnode.com),25910113,1154,1327,"ETH,BNB,XRP,SOL,TRX"
20260905_160515,2026-09-05 16:05:15,2026-09-05 09:05:15 UTC,USDT,Cash,1.0,,,,,,,,,,,,,Thanh khoản Chờ Gom,Dry Powder,25.2,46.18,CÂN BẰNG CHU KỲ (Fair Value) -> Giữ cấu trúc danh mục ổn định,47.25,43.67,70.0,30.0,-0.0002,Đòn bẩy cân bằng (Neutral Leverage),0.0,0.055614,4.94,4.94,33.53,35.8,5.47,25.2,Live_RPC (ethereum-rpc.publicnode.com),25910113,1154,1327,"ETH,BNB,XRP,SOL,TRX"
20260905_161036,2026-09-05 16:10:36,2026-09-05 09:10:36 UTC,BTC,Core,79698.4,76465.8675,69718.6024,81766.4907,90.97,0.9747,9.71,0.9361,35.13,1.0567,52.83,49.7,47.25,CÂN BẰNG,GIỮ NGUYÊN TỶ TRỌNG CHUẨN,33.53,46.18,CÂN BẰNG CHU KỲ (Fair Value) -> Giữ cấu trúc danh mục ổn định,47.25,43.67,70.0,30.0,-0.0002,Đòn bẩy cân bằng (Neutral Leverage),0.0,0.055614,4.94,4.94,33.53,35.8,5.47,25.2,Live_RPC (ethereum-rpc.publicnode.com),25910140,1104,1222,"ETH,BNB,XRP,SOL,TRX"
20260905_161036,2026-09-05 16:10:36,2026-09-05 09:10:36 UTC,ETH,Altcoin,2458.31,2388.6605,2036.9677,2737.795,90.86,0.8979,5.44,0.9591,43.59,1.213,60.65,51.25,48.72,CÂN BẰNG,GIỮ NGUYÊN TỶ TRỌNG CHUẨN,7.16,46.18,CÂN BẰNG CHU KỲ (Fair Value) -> Giữ cấu trúc danh mục ổn định,47.25,43.67,70.0,30.0,-0.0002,Đòn bẩy cân bằng (Neutral Leverage),0.0,0.055614,4.94,4.94,33.53,35.8,5.47,25.2,Live_RPC (ethereum-rpc.publicnode.com),25910140,1104,1222,"ETH,BNB,XRP,SOL,TRX"
20260905_161036,2026-09-05 16:10:36,2026-09-05 09:10:36 UTC,BNB,Altcoin,750.42,686.1935,620.5718,875.2106,93.48,0.8574,3.19,0.9559,50.71,0.9753,48.77,51.13,48.61,CÂN BẰNG,GIỮ NGUYÊN TỶ TRỌNG CHUẨN,7.16,46.18,CÂN BẰNG CHU KỲ (Fair Value) -> Giữ cấu trúc danh mục ổn định,47.25,43.67,70.0,30.0,-0.0002,Đòn bẩy cân bằng (Neutral Leverage),0.0,0.055614,4.94,4.94,33.53,35.8,5.47,25.2,Live_RPC (ethereum-rpc.publicnode.com),25910140,1104,1222,"ETH,BNB,XRP,SOL,TRX"
20260905_161036,2026-09-05 16:10:36,2026-09-05 09:10:36 UTC,XRP,Altcoin,1.4089,1.3543,1.2744,1.7663,93.45,0.7976,0.0,0.9707,68.41,0.8836,44.18,53.02,50.4,CÂN BẰNG,GIỮ NGUYÊN TỶ TRỌNG CHUẨN,7.16,46.18,CÂN BẰNG CHU KỲ (Fair Value) -> Giữ cấu trúc danh mục ổn định,47.25,43.67,70.0,30.0,-0.0002,Đòn bẩy cân bằng (Neutral Leverage),0.0,0.055614,4.94,4.94,33.53,35.8,5.47,25.2,Live_RPC (ethereum-rpc.publicnode.com),25910140,1104,1222,"ETH,BNB,XRP,SOL,TRX"
20260905_161036,2026-09-05 16:10:36,2026-09-05 09:10:36 UTC,SOL,Altcoin,102.68,96.9705,82.3516,123.9089,91.29,0.8287,1.59,1.0047,47.96,0.7104,35.52,47.35,45.01,CÂN BẰNG,GIỮ NGUYÊN TỶ TRỌNG CHUẨN,7.16,46.18,CÂN BẰNG CHU KỲ (Fair Value) -> Giữ cấu trúc danh mục ổn định,47.25,43.67,70.0,30.0,-0.0002,Đòn bẩy cân bằng (Neutral Leverage),0.0,0.055614,4.94,4.94,33.53,35.8,5.47,25.2,Live_RPC (ethereum-rpc.publicnode.com),25910140,1104,1222,"ETH,BNB,XRP,SOL,TRX"
20260905_161036,2026-09-05 16:10:36,2026-09-05 09:10:36 UTC,TRX,Altcoin,0.3328,0.3358,0.3245,0.31,27.56,1.0735,15.19,0.8358,28.84,0.9314,46.57,26.96,25.63,ĐỊNH GIÁ THẤP,TÍCH LŨY MẠNH (+Tỷ trọng),7.16,46.18,CÂN BẰNG CHU KỲ (Fair Value) -> Giữ cấu trúc danh mục ổn định,47.25,43.67,70.0,30.0,-0.0002,Đòn bẩy cân bằng (Neutral Leverage),0.0,0.055614,4.94,4.94,33.53,35.8,5.47,25.2,Live_RPC (ethereum-rpc.publicnode.com),25910140,1104,1222,"ETH,BNB,XRP,SOL,TRX"
20260905_161036,2026-09-05 16:10:36,2026-09-05 09:10:36 UTC,PAXG,Hedge,4432.36,,,,,,,,,,,,,Phòng thủ Vĩ mô,Bảo hiểm tài sản,5.47,46.18,CÂN BẰNG CHU KỲ (Fair Value) -> Giữ cấu trúc danh mục ổn định,47.25,43.67,70.0,30.0,-0.0002,Đòn bẩy cân bằng (Neutral Leverage),0.0,0.055614,4.94,4.94,33.53,35.8,5.47,25.2,Live_RPC (ethereum-rpc.publicnode.com),25910140,1104,1222,"ETH,BNB,XRP,SOL,TRX"
20260905_161036,2026-09-05 16:10:36,2026-09-05 09:10:36 UTC,USDT,Cash,1.0,,,,,,,,,,,,,Thanh khoản Chờ Gom,Dry Powder,25.2,46.18,CÂN BẰNG CHU KỲ (Fair Value) -> Giữ cấu trúc danh mục ổn định,47.25,43.67,70.0,30.0,-0.0002,Đòn bẩy cân bằng (Neutral Leverage),0.0,0.055614,4.94,4.94,33.53,35.8,5.47,25.2,Live_RPC (ethereum-rpc.publicnode.com),25910140,1104,1222,"ETH,BNB,XRP,SOL,TRX"
20260905_161043,2026-09-05 16:10:43,2026-09-05 09:10:43 UTC,BTC,Core,79698.4,76465.8675,69718.6024,81766.4905,90.97,0.9747,9.71,0.9361,35.13,1.0567,52.83,49.7,47.25,CÂN BẰNG,GIỮ NGUYÊN TỶ TRỌNG CHUẨN,33.53,46.18,CÂN BẰNG CHU KỲ (Fair Value) -> Giữ cấu trúc danh mục ổn định,47.25,43.67,70.0,30.0,-0.0002,Đòn bẩy cân bằng (Neutral Leverage),0.0,0.055614,4.94,4.94,33.53,35.8,5.47,25.2,Live_RPC (ethereum-rpc.publicnode.com),25910141,957,1073,"ETH,BNB,XRP,SOL,TRX"
20260905_161043,2026-09-05 16:10:43,2026-09-05 09:10:43 UTC,ETH,Altcoin,2458.31,2388.6605,2036.9677,2737.795,90.86,0.8979,5.44,0.9591,43.59,1.213,60.65,51.25,48.72,CÂN BẰNG,GIỮ NGUYÊN TỶ TRỌNG CHUẨN,7.16,46.18,CÂN BẰNG CHU KỲ (Fair Value) -> Giữ cấu trúc danh mục ổn định,47.25,43.67,70.0,30.0,-0.0002,Đòn bẩy cân bằng (Neutral Leverage),0.0,0.055614,4.94,4.94,33.53,35.8,5.47,25.2,Live_RPC (ethereum-rpc.publicnode.com),25910141,957,1073,"ETH,BNB,XRP,SOL,TRX"
20260905_161043,2026-09-05 16:10:43,2026-09-05 09:10:43 UTC,BNB,Altcoin,749.58,686.1515,620.5676,875.2084,93.44,0.8565,3.14,0.9559,50.71,0.9753,48.77,51.1,48.58,CÂN BẰNG,GIỮ NGUYÊN TỶ TRỌNG CHUẨN,7.16,46.18,CÂN BẰNG CHU KỲ (Fair Value) -> Giữ cấu trúc danh mục ổn định,47.25,43.67,70.0,30.0,-0.0002,Đòn bẩy cân bằng (Neutral Leverage),0.0,0.055614,4.94,4.94,33.53,35.8,5.47,25.2,Live_RPC (ethereum-rpc.publicnode.com),25910141,957,1073,"ETH,BNB,XRP,SOL,TRX"
20260905_161043,2026-09-05 16:10:43,2026-09-05 09:10:43 UTC,XRP,Altcoin,1.4097,1.3544,1.2744,1.7663,93.48,0.7981,0.0,0.9707,68.41,0.8836,44.18,53.03,50.41,CÂN BẰNG,GIỮ NGUYÊN TỶ TRỌNG CHUẨN,7.16,46.18,CÂN BẰNG CHU KỲ (Fair Value) -> Giữ cấu trúc danh mục ổn định,47.25,43.67,70.0,30.0,-0.0002,Đòn bẩy cân bằng (Neutral Leverage),0.0,0.055614,4.94,4.94,33.53,35.8,5.47,25.2,Live_RPC (ethereum-rpc.publicnode.com),25910141,957,1073,"ETH,BNB,XRP,SOL,TRX"
20260905_161043,2026-09-05 16:10:43,2026-09-05 09:10:43 UTC,SOL,Altcoin,102.71,96.972,82.3517,123.909,91.3,0.8289,1.61,1.0047,47.96,0.7104,35.52,47.36,45.02,CÂN BẰNG,GIỮ NGUYÊN TỶ TRỌNG CHUẨN,7.16,46.18,CÂN BẰNG CHU KỲ (Fair Value) -> Giữ cấu trúc danh mục ổn định,47.25,43.67,70.0,30.0,-0.0002,Đòn bẩy cân bằng (Neutral Leverage),0.0,0.055614,4.94,4.94,33.53,35.8,5.47,25.2,Live_RPC (ethereum-rpc.publicnode.com),25910141,957,1073,"ETH,BNB,XRP,SOL,TRX"
20260905_161043,2026-09-05 16:10:43,2026-09-05 09:10:43 UTC,TRX,Altcoin,0.3328,0.3358,0.3245,0.31,27.56,1.0735,15.19,0.8358,28.84,0.9314,46.57,26.96,25.63,ĐỊNH GIÁ THẤP,TÍCH LŨY MẠNH (+Tỷ trọng),7.16,46.18,CÂN BẰNG CHU KỲ (Fair Value) -> Giữ cấu trúc danh mục ổn định,47.25,43.67,70.0,30.0,-0.0002,Đòn bẩy cân bằng (Neutral Leverage),0.0,0.055614,4.94,4.94,33.53,35.8,5.47,25.2,Live_RPC (ethereum-rpc.publicnode.com),25910141,957,1073,"ETH,BNB,XRP,SOL,TRX"
20260905_161043,2026-09-05 16:10:43,2026-09-05 09:10:43 UTC,PAXG,Hedge,4432.36,,,,,,,,,,,,,Phòng thủ Vĩ mô,Bảo hiểm tài sản,5.47,46.18,CÂN BẰNG CHU KỲ (Fair Value) -> Giữ cấu trúc danh mục ổn định,47.25,43.67,70.0,30.0,-0.0002,Đòn bẩy cân bằng (Neutral Leverage),0.0,0.055614,4.94,4.94,33.53,35.8,5.47,25.2,Live_RPC (ethereum-rpc.publicnode.com),25910141,957,1073,"ETH,BNB,XRP,SOL,TRX"
20260905_161043,2026-09-05 16:10:43,2026-09-05 09:10:43 UTC,USDT,Cash,1.0,,,,,,,,,,,,,Thanh khoản Chờ Gom,Dry Powder,25.2,46.18,CÂN BẰNG CHU KỲ (Fair Value) -> Giữ cấu trúc danh mục ổn định,47.25,43.67,70.0,30.0,-0.0002,Đòn bẩy cân bằng (Neutral Leverage),0.0,0.055614,4.94,4.94,33.53,35.8,5.47,25.2,Live_RPC (ethereum-rpc.publicnode.com),25910141,957,1073,"ETH,BNB,XRP,SOL,TRX"
20260905_161100,2026-09-05 16:11:00,2026-09-05 09:11:00 UTC,BTC,Core,79711.37,76466.516,69718.6672,81766.4948,90.99,0.9749,9.71,0.9361,35.13,1.0567,52.83,49.71,47.26,CÂN BẰNG,GIỮ NGUYÊN TỶ TRỌNG CHUẨN,33.53,46.19,CÂN BẰNG CHU KỲ (Fair Value) -> Giữ cấu trúc danh mục ổn định,47.26,43.68,70.0,30.0,-0.0002,Đòn bẩy cân bằng (Neutral Leverage),0.0,0.055605,4.93,4.93,33.53,35.8,5.46,25.2,Live_RPC (ethereum-rpc.publicnode.com),25910142,1040,1170,"ETH,BNB,XRP,SOL,TRX"
20260905_161100,2026-09-05 16:11:00,2026-09-05 09:11:00 UTC,ETH,Altcoin,2458.53,2388.6715,2036.9688,2737.795,90.86,0.898,5.44,0.9591,43.59,1.213,60.65,51.25,48.73,CÂN BẰNG,GIỮ NGUYÊN TỶ TRỌNG CHUẨN,7.16,46.19,CÂN BẰNG CHU KỲ (Fair Value) -> Giữ cấu trúc danh mục ổn định,47.26,43.68,70.0,30.0,-0.0002,Đòn bẩy cân bằng (Neutral Leverage),0.0,0.055605,4.93,4.93,33.53,35.8,5.46,25.2,Live_RPC (ethereum-rpc.publicnode.com),25910142,1040,1170,"ETH,BNB,XRP,SOL,TRX"
20260905_161100,2026-09-05 16:11:00,2026-09-05 09:11:00 UTC,BNB,Altcoin,749.79,686.162,620.5686,875.2085,93.45,0.8567,3.15,0.9559,50.71,0.9753,48.77,51.11,48.59,CÂN BẰNG,GIỮ NGUYÊN TỶ TRỌNG CHUẨN,7.16,46.19,CÂN BẰNG CHU KỲ (Fair Value) -> Giữ cấu trúc danh mục ổn định,47.26,43.68,70.0,30.0,-0.0002,Đòn bẩy cân bằng (Neutral Leverage),0.0,0.055605,4.93,4.93,33.53,35.8,5.46,25.2,Live_RPC (ethereum-rpc.publicnode.com),25910142,1040,1170,"ETH,BNB,XRP,SOL,TRX"
20260905_161100,2026-09-05 16:11:00,2026-09-05 09:11:00 UTC,XRP,Altcoin,1.41,1.3544,1.2744,1.7663,93.49,0.7983,0.0,0.9707,68.41,0.8836,44.18,53.03,50.42,CÂN BẰNG,GIỮ NGUYÊN TỶ TRỌNG CHUẨN,7.16,46.19,CÂN BẰNG CHU KỲ (Fair Value) -> Giữ cấu trúc danh mục ổn định,47.26,43.68,70.0,30.0,-0.0002,Đòn bẩy cân bằng (Neutral Leverage),0.0,0.055605,4.93,4.93,33.53,35.8,5.46,25.2,Live_RPC (ethereum-rpc.publicnode.com),25910142,1040,1170,"ETH,BNB,XRP,SOL,TRX"
20260905_161100,2026-09-05 16:11:00,2026-09-05 09:11:00 UTC,SOL,Altcoin,102.7,96.9715,82.3517,123.9089,91.3,0.8288,1.6,1.0047,47.96,0.7104,35.52,47.36,45.02,CÂN BẰNG,GIỮ NGUYÊN TỶ TRỌNG CHUẨN,7.16,46.19,CÂN BẰNG CHU KỲ (Fair Value) -> Giữ cấu trúc danh mục ổn định,47.26,43.68,70.0,30.0,-0.0002,Đòn bẩy cân bằng (Neutral Leverage),0.0,0.055605,4.93,4.93,33.53,35.8,5.46,25.2,Live_RPC (ethereum-rpc.publicnode.com),25910142,1040,1170,"ETH,BNB,XRP,SOL,TRX"
20260905_161100,2026-09-05 16:11:00,2026-09-05 09:11:00 UTC,TRX,Altcoin,0.3328,0.3358,0.3245,0.31,27.56,1.0735,15.19,0.8358,28.84,0.9314,46.57,26.96,25.63,ĐỊNH GIÁ THẤP,TÍCH LŨY MẠNH (+Tỷ trọng),7.16,46.19,CÂN BẰNG CHU KỲ (Fair Value) -> Giữ cấu trúc danh mục ổn định,47.26,43.68,70.0,30.0,-0.0002,Đòn bẩy cân bằng (Neutral Leverage),0.0,0.055605,4.93,4.93,33.53,35.8,5.46,25.2,Live_RPC (ethereum-rpc.publicnode.com),25910142,1040,1170,"ETH,BNB,XRP,SOL,TRX"
20260905_161100,2026-09-05 16:11:00,2026-09-05 09:11:00 UTC,PAXG,Hedge,4432.36,,,,,,,,,,,,,Phòng thủ Vĩ mô,Bảo hiểm tài sản,5.46,46.19,CÂN BẰNG CHU KỲ (Fair Value) -> Giữ cấu trúc danh mục ổn định,47.26,43.68,70.0,30.0,-0.0002,Đòn bẩy cân bằng (Neutral Leverage),0.0,0.055605,4.93,4.93,33.53,35.8,5.46,25.2,Live_RPC (ethereum-rpc.publicnode.com),25910142,1040,1170,"ETH,BNB,XRP,SOL,TRX"
20260905_161100,2026-09-05 16:11:00,2026-09-05 09:11:00 UTC,USDT,Cash,1.0,,,,,,,,,,,,,Thanh khoản Chờ Gom,Dry Powder,25.2,46.19,CÂN BẰNG CHU KỲ (Fair Value) -> Giữ cấu trúc danh mục ổn định,47.26,43.68,70.0,30.0,-0.0002,Đòn bẩy cân bằng (Neutral Leverage),0.0,0.055605,4.93,4.93,33.53,35.8,5.46,25.2,Live_RPC (ethereum-rpc.publicnode.com),25910142,1040,1170,"ETH,BNB,XRP,SOL,TRX"
20260905_162606,2026-09-05 16:26:06,2026-09-05 09:26:06 UTC,BTC,Core,79697.73,76465.834,69718.5991,81766.4628,90.97,0.9747,9.71,0.9361,35.13,1.0567,52.83,49.7,47.25,CÂN BẰNG,GIỮ NGUYÊN TỶ TRỌNG CHUẨN,33.53,46.18,CÂN BẰNG CHU KỲ (Fair Value) -> Giữ cấu trúc danh mục ổn định,47.25,43.67,70.0,30.0,-0.0002,Đòn bẩy cân bằng (Neutral Leverage),0.0,0.055615,4.94,4.94,33.53,35.8,5.47,25.2,Live_RPC (ethereum-rpc.publicnode.com),25910217,945,1106,"ETH,BNB,XRP,SOL,TRX"
20260905_162606,2026-09-05 16:26:06,2026-09-05 09:26:06 UTC,ETH,Altcoin,2458.0,2388.645,2036.9661,2737.7923,90.85,0.8978,5.43,0.9591,43.59,1.213,60.65,51.25,48.71,CÂN BẰNG,GIỮ NGUYÊN TỶ TRỌNG CHUẨN,7.16,46.18,CÂN BẰNG CHU KỲ (Fair Value) -> Giữ cấu trúc danh mục ổn định,47.25,43.67,70.0,30.0,-0.0002,Đòn bẩy cân bằng (Neutral Leverage),0.0,0.055615,4.94,4.94,33.53,35.8,5.47,25.2,Live_RPC (ethereum-rpc.publicnode.com),25910217,945,1106,"ETH,BNB,XRP,SOL,TRX"
20260905_162606,2026-09-05 16:26:06,2026-09-05 09:26:06 UTC,BNB,Altcoin,750.9,686.2175,620.5742,875.1968,93.51,0.858,3.22,0.9559,50.71,0.9753,48.77,51.15,48.63,CÂN BẰNG,GIỮ NGUYÊN TỶ TRỌNG CHUẨN,7.16,46.18,CÂN BẰNG CHU KỲ (Fair Value) -> Giữ cấu trúc danh mục ổn định,47.25,43.67,70.0,30.0,-0.0002,Đòn bẩy cân bằng (Neutral Leverage),0.0,0.055615,4.94,4.94,33.53,35.8,5.47,25.2,Live_RPC (ethereum-rpc.publicnode.com),25910217,945,1106,"ETH,BNB,XRP,SOL,TRX"
20260905_162606,2026-09-05 16:26:06,2026-09-05 09:26:06 UTC,XRP,Altcoin,1.4076,1.3543,1.2744,1.7663,93.42,0.7969,0.0,0.9707,68.41,0.8836,44.18,53.0,50.39,CÂN BẰNG,GIỮ NGUYÊN TỶ TRỌNG CHUẨN,7.16,46.18,CÂN BẰNG CHU KỲ (Fair Value) -> Giữ cấu trúc danh mục ổn định,47.25,43.67,70.0,30.0,-0.0002,Đòn bẩy cân bằng (Neutral Leverage),0.0,0.055615,4.94,4.94,33.53,35.8,5.47,25.2,Live_RPC (ethereum-rpc.publicnode.com),25910217,945,1106,"ETH,BNB,XRP,SOL,TRX"
20260905_162606,2026-09-05 16:26:06,2026-09-05 09:26:06 UTC,SOL,Altcoin,102.65,96.969,82.3514,123.9087,91.28,0.8284,1.58,1.0047,47.96,0.7104,35.52,47.34,45.0,CÂN BẰNG,GIỮ NGUYÊN TỶ TRỌNG CHUẨN,7.16,46.18,CÂN BẰNG CHU KỲ (Fair Value) -> Giữ cấu trúc danh mục ổn định,47.25,43.67,70.0,30.0,-0.0002,Đòn bẩy cân bằng (Neutral Leverage),0.0,0.055615,4.94,4.94,33.53,35.8,5.47,25.2,Live_RPC (ethereum-rpc.publicnode.com),25910217,945,1106,"ETH,BNB,XRP,SOL,TRX"
20260905_162606,2026-09-05 16:26:06,2026-09-05 09:26:06 UTC,TRX,Altcoin,0.3328,0.3358,0.3245,0.31,27.56,1.0735,15.19,0.8358,28.84,0.9314,46.57,26.96,25.62,ĐỊNH GIÁ THẤP,TÍCH LŨY MẠNH (+Tỷ trọng),7.16,46.18,CÂN BẰNG CHU KỲ (Fair Value) -> Giữ cấu trúc danh mục ổn định,47.25,43.67,70.0,30.0,-0.0002,Đòn bẩy cân bằng (Neutral Leverage),0.0,0.055615,4.94,4.94,33.53,35.8,5.47,25.2,Live_RPC (ethereum-rpc.publicnode.com),25910217,945,1106,"ETH,BNB,XRP,SOL,TRX"
20260905_162606,2026-09-05 16:26:06,2026-09-05 09:26:06 UTC,PAXG,Hedge,4432.4,,,,,,,,,,,,,Phòng thủ Vĩ mô,Bảo hiểm tài sản,5.47,46.18,CÂN BẰNG CHU KỲ (Fair Value) -> Giữ cấu trúc danh mục ổn định,47.25,43.67,70.0,30.0,-0.0002,Đòn bẩy cân bằng (Neutral Leverage),0.0,0.055615,4.94,4.94,33.53,35.8,5.47,25.2,Live_RPC (ethereum-rpc.publicnode.com),25910217,945,1106,"ETH,BNB,XRP,SOL,TRX"
20260905_162606,2026-09-05 16:26:06,2026-09-05 09:26:06 UTC,USDT,Cash,1.0,,,,,,,,,,,,,Thanh khoản Chờ Gom,Dry Powder,25.2,46.18,CÂN BẰNG CHU KỲ (Fair Value) -> Giữ cấu trúc danh mục ổn định,47.25,43.67,70.0,30.0,-0.0002,Đòn bẩy cân bằng (Neutral Leverage),0.0,0.055615,4.94,4.94,33.53,35.8,5.47,25.2,Live_RPC (ethereum-rpc.publicnode.com),25910217,945,1106,"ETH,BNB,XRP,SOL,TRX"
20260905_162714,2026-09-05 16:27:14,2026-09-05 09:27:14 UTC,BTC,Core,79697.72,76465.8335,69718.599,81766.4617,90.97,0.9747,9.71,0.9361,35.13,1.0567,52.83,49.7,47.25,CÂN BẰNG,GIỮ NGUYÊN TỶ TRỌNG CHUẨN,33.53,46.18,CÂN BẰNG CHU KỲ (Fair Value) -> Giữ cấu trúc danh mục ổn định,47.25,43.68,70.0,30.0,-0.0002,Đòn bẩy cân bằng (Neutral Leverage),0.0,0.055615,4.94,4.94,33.53,35.8,5.47,25.2,Live_RPC (ethereum-rpc.publicnode.com),25910223,1206,1425,"ETH,BNB,XRP,SOL,TRX"
20260905_162714,2026-09-05 16:27:14,2026-09-05 09:27:14 UTC,ETH,Altcoin,2457.96,2388.643,2036.9659,2737.7922,90.85,0.8978,5.43,0.9591,43.59,1.213,60.65,51.24,48.71,CÂN BẰNG,GIỮ NGUYÊN TỶ TRỌNG CHUẨN,7.16,46.18,CÂN BẰNG CHU KỲ (Fair Value) -> Giữ cấu trúc danh mục ổn định,47.25,43.68,70.0,30.0,-0.0002,Đòn bẩy cân bằng (Neutral Leverage),0.0,0.055615,4.94,4.94,33.53,35.8,5.47,25.2,Live_RPC (ethereum-rpc.publicnode.com),25910223,1206,1425,"ETH,BNB,XRP,SOL,TRX"
20260905_162714,2026-09-05 16:27:14,2026-09-05 09:27:14 UTC,BNB,Altcoin,750.99,686.222,620.5746,875.1966,93.51,0.8581,3.23,0.9559,50.71,0.9753,48.77,51.15,48.63,CÂN BẰNG,GIỮ NGUYÊN TỶ TRỌNG CHUẨN,7.16,46.18,CÂN BẰNG CHU KỲ (Fair Value) -> Giữ cấu trúc danh mục ổn định,47.25,43.68,70.0,30.0,-0.0002,Đòn bẩy cân bằng (Neutral Leverage),0.0,0.055615,4.94,4.94,33.53,35.8,5.47,25.2,Live_RPC (ethereum-rpc.publicnode.com),25910223,1206,1425,"ETH,BNB,XRP,SOL,TRX"
20260905_162714,2026-09-05 16:27:14,2026-09-05 09:27:14 UTC,XRP,Altcoin,1.4077,1.3543,1.2744,1.7663,93.42,0.797,0.0,0.9707,68.41,0.8836,44.18,53.01,50.39,CÂN BẰNG,GIỮ NGUYÊN TỶ TRỌNG CHUẨN,7.16,46.18,CÂN BẰNG CHU KỲ (Fair Value) -> Giữ cấu trúc danh mục ổn định,47.25,43.68,70.0,30.0,-0.0002,Đòn bẩy cân bằng (Neutral Leverage),0.0,0.055615,4.94,4.94,33.53,35.8,5.47,25.2,Live_RPC (ethereum-rpc.publicnode.com),25910223,1206,1425,"ETH,BNB,XRP,SOL,TRX"
20260905_162714,2026-09-05 16:27:14,2026-09-05 09:27:14 UTC,SOL,Altcoin,102.59,96.966,82.3512,123.9087,91.26,0.8279,1.55,1.0047,47.96,0.7104,35.52,47.33,44.99,CÂN BẰNG,GIỮ NGUYÊN TỶ TRỌNG CHUẨN,7.16,46.18,CÂN BẰNG CHU KỲ (Fair Value) -> Giữ cấu trúc danh mục ổn định,47.25,43.68,70.0,30.0,-0.0002,Đòn bẩy cân bằng (Neutral Leverage),0.0,0.055615,4.94,4.94,33.53,35.8,5.47,25.2,Live_RPC (ethereum-rpc.publicnode.com),25910223,1206,1425,"ETH,BNB,XRP,SOL,TRX"
20260905_162714,2026-09-05 16:27:14,2026-09-05 09:27:14 UTC,TRX,Altcoin,0.3329,0.3358,0.3245,0.31,27.67,1.0738,15.21,0.8358,28.84,0.9314,46.57,27.0,25.67,ĐỊNH GIÁ THẤP,TÍCH LŨY MẠNH (+Tỷ trọng),7.16,46.18,CÂN BẰNG CHU KỲ (Fair Value) -> Giữ cấu trúc danh mục ổn định,47.25,43.68,70.0,30.0,-0.0002,Đòn bẩy cân bằng (Neutral Leverage),0.0,0.055615,4.94,4.94,33.53,35.8,5.47,25.2,Live_RPC (ethereum-rpc.publicnode.com),25910223,1206,1425,"ETH,BNB,XRP,SOL,TRX"
20260905_162714,2026-09-05 16:27:14,2026-09-05 09:27:14 UTC,PAXG,Hedge,4432.4,,,,,,,,,,,,,Phòng thủ Vĩ mô,Bảo hiểm tài sản,5.47,46.18,CÂN BẰNG CHU KỲ (Fair Value) -> Giữ cấu trúc danh mục ổn định,47.25,43.68,70.0,30.0,-0.0002,Đòn bẩy cân bằng (Neutral Leverage),0.0,0.055615,4.94,4.94,33.53,35.8,5.47,25.2,Live_RPC (ethereum-rpc.publicnode.com),25910223,1206,1425,"ETH,BNB,XRP,SOL,TRX"
20260905_162714,2026-09-05 16:27:14,2026-09-05 09:27:14 UTC,USDT,Cash,1.0,,,,,,,,,,,,,Thanh khoản Chờ Gom,Dry Powder,25.2,46.18,CÂN BẰNG CHU KỲ (Fair Value) -> Giữ cấu trúc danh mục ổn định,47.25,43.68,70.0,30.0,-0.0002,Đòn bẩy cân bằng (Neutral Leverage),0.0,0.055615,4.94,4.94,33.53,35.8,5.47,25.2,Live_RPC (ethereum-rpc.publicnode.com),25910223,1206,1425,"ETH,BNB,XRP,SOL,TRX"
20260905_181806,2026-09-05 18:18:06,2026-09-05 11:18:06 UTC,BTC,Core,79624.0,76462.1475,69718.2304,81766.2355,90.91,0.9738,9.66,0.9361,35.13,1.0567,52.83,49.67,47.18,CÂN BẰNG,GIỮ NGUYÊN TỶ TRỌNG CHUẨN,33.54,46.11,CÂN BẰNG CHU KỲ (Fair Value) -> Giữ cấu trúc danh mục ổn định,47.18,43.62,70.0,30.0,-0.0002,Đòn bẩy cân bằng (Neutral Leverage),0.0,0.055683,5.01,5.01,33.54,35.8,5.5,25.17,Live_RPC (ethereum-rpc.publicnode.com),25910776,1379,1493,"ETH,BNB,XRP,SOL,TRX"
20260905_181806,2026-09-05 18:18:06,2026-09-05 11:18:06 UTC,ETH,Altcoin,2453.0,2388.395,2036.9411,2737.7747,90.76,0.896,5.33,0.9591,43.59,1.213,60.65,51.18,48.62,CÂN BẰNG,GIỮ NGUYÊN TỶ TRỌNG CHUẨN,7.16,46.11,CÂN BẰNG CHU KỲ (Fair Value) -> Giữ cấu trúc danh mục ổn định,47.18,43.62,70.0,30.0,-0.0002,Đòn bẩy cân bằng (Neutral Leverage),0.0,0.055683,5.01,5.01,33.54,35.8,5.5,25.17,Live_RPC (ethereum-rpc.publicnode.com),25910776,1379,1493,"ETH,BNB,XRP,SOL,TRX"
20260905_181806,2026-09-05 18:18:06,2026-09-05 11:18:06 UTC,BNB,Altcoin,752.82,686.3135,620.5838,875.1531,93.61,0.8602,3.35,0.9559,50.71,0.9753,48.77,51.23,48.66,CÂN BẰNG,GIỮ NGUYÊN TỶ TRỌNG CHUẨN,7.16,46.11,CÂN BẰNG CHU KỲ (Fair Value) -> Giữ cấu trúc danh mục ổn định,47.18,43.62,70.0,30.0,-0.0002,Đòn bẩy cân bằng (Neutral Leverage),0.0,0.055683,5.01,5.01,33.54,35.8,5.5,25.17,Live_RPC (ethereum-rpc.publicnode.com),25910776,1379,1493,"ETH,BNB,XRP,SOL,TRX"
20260905_181806,2026-09-05 18:18:06,2026-09-05 11:18:06 UTC,XRP,Altcoin,1.4037,1.3541,1.2744,1.7663,93.3,0.7947,0.0,0.9707,68.41,0.8836,44.18,52.96,50.31,CÂN BẰNG,GIỮ NGUYÊN TỶ TRỌNG CHUẨN,7.16,46.11,CÂN BẰNG CHU KỲ (Fair Value) -> Giữ cấu trúc danh mục ổn định,47.18,43.62,70.0,30.0,-0.0002,Đòn bẩy cân bằng (Neutral Leverage),0.0,0.055683,5.01,5.01,33.54,35.8,5.5,25.17,Live_RPC (ethereum-rpc.publicnode.com),25910776,1379,1493,"ETH,BNB,XRP,SOL,TRX"
20260905_181806,2026-09-05 18:18:06,2026-09-05 11:18:06 UTC,SOL,Altcoin,102.36,96.9545,82.35,123.9073,91.18,0.8261,1.45,1.0047,47.96,0.7104,35.52,47.27,44.9,CÂN BẰNG,GIỮ NGUYÊN TỶ TRỌNG CHUẨN,7.16,46.11,CÂN BẰNG CHU KỲ (Fair Value) -> Giữ cấu trúc danh mục ổn định,47.18,43.62,70.0,30.0,-0.0002,Đòn bẩy cân bằng (Neutral Leverage),0.0,0.055683,5.01,5.01,33.54,35.8,5.5,25.17,Live_RPC (ethereum-rpc.publicnode.com),25910776,1379,1493,"ETH,BNB,XRP,SOL,TRX"
20260905_181806,2026-09-05 18:18:06,2026-09-05 11:18:06 UTC,TRX,Altcoin,0.3328,0.3358,0.3245,0.31,27.56,1.0735,15.19,0.8358,28.84,0.9314,46.57,26.96,25.61,ĐỊNH GIÁ THẤP,TÍCH LŨY MẠNH (+Tỷ trọng),7.16,46.11,CÂN BẰNG CHU KỲ (Fair Value) -> Giữ cấu trúc danh mục ổn định,47.18,43.62,70.0,30.0,-0.0002,Đòn bẩy cân bằng (Neutral Leverage),0.0,0.055683,5.01,5.01,33.54,35.8,5.5,25.17,Live_RPC (ethereum-rpc.publicnode.com),25910776,1379,1493,"ETH,BNB,XRP,SOL,TRX"
20260905_181806,2026-09-05 18:18:06,2026-09-05 11:18:06 UTC,PAXG,Hedge,4433.7,,,,,,,,,,,,,Phòng thủ Vĩ mô,Bảo hiểm tài sản,5.5,46.11,CÂN BẰNG CHU KỲ (Fair Value) -> Giữ cấu trúc danh mục ổn định,47.18,43.62,70.0,30.0,-0.0002,Đòn bẩy cân bằng (Neutral Leverage),0.0,0.055683,5.01,5.01,33.54,35.8,5.5,25.17,Live_RPC (ethereum-rpc.publicnode.com),25910776,1379,1493,"ETH,BNB,XRP,SOL,TRX"
20260905_181806,2026-09-05 18:18:06,2026-09-05 11:18:06 UTC,USDT,Cash,1.0,,,,,,,,,,,,,Thanh khoản Chờ Gom,Dry Powder,25.17,46.11,CÂN BẰNG CHU KỲ (Fair Value) -> Giữ cấu trúc danh mục ổn định,47.18,43.62,70.0,30.0,-0.0002,Đòn bẩy cân bằng (Neutral Leverage),0.0,0.055683,5.01,5.01,33.54,35.8,5.5,25.17,Live_RPC (ethereum-rpc.publicnode.com),25910776,1379,1493,"ETH,BNB,XRP,SOL,TRX"
20260905_203757,2026-09-05 20:37:57,2026-09-05 13:37:57 UTC,BTC,Core,79674.57,76464.676,69718.4833,81766.037,90.95,0.9744,9.69,0.9361,35.13,1.0567,52.83,49.69,47.22,CÂN BẰNG,GIỮ NGUYÊN TỶ TRỌNG CHUẨN,33.56,46.2,CÂN BẰNG CHU KỲ (Fair Value) -> Giữ cấu trúc danh mục ổn định,47.22,43.82,70.0,30.0,-0.0002,Đòn bẩy cân bằng (Neutral Leverage),0.0,0.055651,4.97,4.97,33.56,35.73,5.49,25.22,Live_RPC (ethereum-rpc.publicnode.com),25911474,1425,1661,"ETH,BNB,XRP,SOL,TRX"
20260905_203757,2026-09-05 20:37:57,2026-09-05 13:37:57 UTC,ETH,Altcoin,2457.78,2388.634,2036.965,2737.7533,90.85,0.8977,5.43,0.9591,43.59,1.213,60.65,51.24,48.69,CÂN BẰNG,GIỮ NGUYÊN TỶ TRỌNG CHUẨN,7.15,46.2,CÂN BẰNG CHU KỲ (Fair Value) -> Giữ cấu trúc danh mục ổn định,47.22,43.82,70.0,30.0,-0.0002,Đòn bẩy cân bằng (Neutral Leverage),0.0,0.055651,4.97,4.97,33.56,35.73,5.49,25.22,Live_RPC (ethereum-rpc.publicnode.com),25911474,1425,1661,"ETH,BNB,XRP,SOL,TRX"
20260905_203757,2026-09-05 20:37:57,2026-09-05 13:37:57 UTC,BNB,Altcoin,764.76,686.9105,620.6435,875.1012,94.23,0.8739,4.11,0.9559,50.71,0.9753,48.77,51.67,49.1,CÂN BẰNG,GIỮ NGUYÊN TỶ TRỌNG CHUẨN,7.15,46.2,CÂN BẰNG CHU KỲ (Fair Value) -> Giữ cấu trúc danh mục ổn định,47.22,43.82,70.0,30.0,-0.0002,Đòn bẩy cân bằng (Neutral Leverage),0.0,0.055651,4.97,4.97,33.56,35.73,5.49,25.22,Live_RPC (ethereum-rpc.publicnode.com),25911474,1425,1661,"ETH,BNB,XRP,SOL,TRX"
20260905_203757,2026-09-05 20:37:57,2026-09-05 13:37:57 UTC,XRP,Altcoin,1.4126,1.3545,1.2745,1.7662,93.56,0.7998,0.0,0.9707,68.41,0.8836,44.18,53.06,50.42,CÂN BẰNG,GIỮ NGUYÊN TỶ TRỌNG CHUẨN,7.15,46.2,CÂN BẰNG CHU KỲ (Fair Value) -> Giữ cấu trúc danh mục ổn định,47.22,43.82,70.0,30.0,-0.0002,Đòn bẩy cân bằng (Neutral Leverage),0.0,0.055651,4.97,4.97,33.56,35.73,5.49,25.22,Live_RPC (ethereum-rpc.publicnode.com),25911474,1425,1661,"ETH,BNB,XRP,SOL,TRX"
20260905_203757,2026-09-05 20:37:57,2026-09-05 13:37:57 UTC,SOL,Altcoin,102.97,96.985,82.353,123.9044,91.4,0.831,1.72,1.0047,47.96,0.7104,35.52,47.43,45.07,CÂN BẰNG,GIỮ NGUYÊN TỶ TRỌNG CHUẨN,7.15,46.2,CÂN BẰNG CHU KỲ (Fair Value) -> Giữ cấu trúc danh mục ổn định,47.22,43.82,70.0,30.0,-0.0002,Đòn bẩy cân bằng (Neutral Leverage),0.0,0.055651,4.97,4.97,33.56,35.73,5.49,25.22,Live_RPC (ethereum-rpc.publicnode.com),25911474,1425,1661,"ETH,BNB,XRP,SOL,TRX"
20260905_203757,2026-09-05 20:37:57,2026-09-05 13:37:57 UTC,TRX,Altcoin,0.3333,0.3358,0.3245,0.31,28.13,1.0751,15.28,0.8358,28.84,0.9314,46.57,27.18,25.83,ĐỊNH GIÁ THẤP,TÍCH LŨY MẠNH (+Tỷ trọng),7.15,46.2,CÂN BẰNG CHU KỲ (Fair Value) -> Giữ cấu trúc danh mục ổn định,47.22,43.82,70.0,30.0,-0.0002,Đòn bẩy cân bằng (Neutral Leverage),0.0,0.055651,4.97,4.97,33.56,35.73,5.49,25.22,Live_RPC (ethereum-rpc.publicnode.com),25911474,1425,1661,"ETH,BNB,XRP,SOL,TRX"
20260905_203757,2026-09-05 20:37:57,2026-09-05 13:37:57 UTC,PAXG,Hedge,4434.0,,,,,,,,,,,,,Phòng thủ Vĩ mô,Bảo hiểm tài sản,5.49,46.2,CÂN BẰNG CHU KỲ (Fair Value) -> Giữ cấu trúc danh mục ổn định,47.22,43.82,70.0,30.0,-0.0002,Đòn bẩy cân bằng (Neutral Leverage),0.0,0.055651,4.97,4.97,33.56,35.73,5.49,25.22,Live_RPC (ethereum-rpc.publicnode.com),25911474,1425,1661,"ETH,BNB,XRP,SOL,TRX"
20260905_203757,2026-09-05 20:37:57,2026-09-05 13:37:57 UTC,USDT,Cash,1.0,,,,,,,,,,,,,Thanh khoản Chờ Gom,Dry Powder,25.22,46.2,CÂN BẰNG CHU KỲ (Fair Value) -> Giữ cấu trúc danh mục ổn định,47.22,43.82,70.0,30.0,-0.0002,Đòn bẩy cân bằng (Neutral Leverage),0.0,0.055651,4.97,4.97,33.56,35.73,5.49,25.22,Live_RPC (ethereum-rpc.publicnode.com),25911474,1425,1661,"ETH,BNB,XRP,SOL,TRX"
20260905_203810,2026-09-05 20:38:10,2026-09-05 13:38:10 UTC,BTC,Core,79674.56,76464.6755,69718.4832,81766.0369,90.95,0.9744,9.69,0.9361,35.13,1.0567,52.83,49.69,47.22,CÂN BẰNG,GIỮ NGUYÊN TỶ TRỌNG CHUẨN,33.56,46.2,CÂN BẰNG CHU KỲ (Fair Value) -> Giữ cấu trúc danh mục ổn định,47.22,43.82,70.0,30.0,-0.0002,Đòn bẩy cân bằng (Neutral Leverage),0.0,0.055651,4.97,4.97,33.56,35.73,5.49,25.22,Live_RPC (ethereum-rpc.publicnode.com),25911475,1423,1665,"ETH,BNB,XRP,SOL,TRX"
20260905_203810,2026-09-05 20:38:10,2026-09-05 13:38:10 UTC,ETH,Altcoin,2457.35,2388.6125,2036.9629,2737.7531,90.84,0.8976,5.42,0.9591,43.59,1.213,60.65,51.24,48.69,CÂN BẰNG,GIỮ NGUYÊN TỶ TRỌNG CHUẨN,7.15,46.2,CÂN BẰNG CHU KỲ (Fair Value) -> Giữ cấu trúc danh mục ổn định,47.22,43.82,70.0,30.0,-0.0002,Đòn bẩy cân bằng (Neutral Leverage),0.0,0.055651,4.97,4.97,33.56,35.73,5.49,25.22,Live_RPC (ethereum-rpc.publicnode.com),25911475,1423,1665,"ETH,BNB,XRP,SOL,TRX"
20260905_203810,2026-09-05 20:38:10,2026-09-05 13:38:10 UTC,BNB,Altcoin,765.06,686.9255,620.6449,875.1019,94.25,0.8743,4.13,0.9559,50.71,0.9753,48.77,51.68,49.11,CÂN BẰNG,GIỮ NGUYÊN TỶ TRỌNG CHUẨN,7.15,46.2,CÂN BẰNG CHU KỲ (Fair Value) -> Giữ cấu trúc danh mục ổn định,47.22,43.82,70.0,30.0,-0.0002,Đòn bẩy cân bằng (Neutral Leverage),0.0,0.055651,4.97,4.97,33.56,35.73,5.49,25.22,Live_RPC (ethereum-rpc.publicnode.com),25911475,1423,1665,"ETH,BNB,XRP,SOL,TRX"
20260905_203810,2026-09-05 20:38:10,2026-09-05 13:38:10 UTC,XRP,Altcoin,1.4125,1.3545,1.2745,1.7662,93.56,0.7997,0.0,0.9707,68.41,0.8836,44.18,53.05,50.42,CÂN BẰNG,GIỮ NGUYÊN TỶ TRỌNG CHUẨN,7.15,46.2,CÂN BẰNG CHU KỲ (Fair Value) -> Giữ cấu trúc danh mục ổn định,47.22,43.82,70.0,30.0,-0.0002,Đòn bẩy cân bằng (Neutral Leverage),0.0,0.055651,4.97,4.97,33.56,35.73,5.49,25.22,Live_RPC (ethereum-rpc.publicnode.com),25911475,1423,1665,"ETH,BNB,XRP,SOL,TRX"
20260905_203810,2026-09-05 20:38:10,2026-09-05 13:38:10 UTC,SOL,Altcoin,102.96,96.9845,82.353,123.9043,91.39,0.831,1.72,1.0047,47.96,0.7104,35.52,47.42,45.06,CÂN BẰNG,GIỮ NGUYÊN TỶ TRỌNG CHUẨN,7.15,46.2,CÂN BẰNG CHU KỲ (Fair Value) -> Giữ cấu trúc danh mục ổn định,47.22,43.82,70.0,30.0,-0.0002,Đòn bẩy cân bằng (Neutral Leverage),0.0,0.055651,4.97,4.97,33.56,35.73,5.49,25.22,Live_RPC (ethereum-rpc.publicnode.com),25911475,1423,1665,"ETH,BNB,XRP,SOL,TRX"
20260905_203810,2026-09-05 20:38:10,2026-09-05 13:38:10 UTC,TRX,Altcoin,0.3333,0.3358,0.3245,0.31,28.13,1.0751,15.28,0.8358,28.84,0.9314,46.57,27.18,25.83,ĐỊNH GIÁ THẤP,TÍCH LŨY MẠNH (+Tỷ trọng),7.15,46.2,CÂN BẰNG CHU KỲ (Fair Value) -> Giữ cấu trúc danh mục ổn định,47.22,43.82,70.0,30.0,-0.0002,Đòn bẩy cân bằng (Neutral Leverage),0.0,0.055651,4.97,4.97,33.56,35.73,5.49,25.22,Live_RPC (ethereum-rpc.publicnode.com),25911475,1423,1665,"ETH,BNB,XRP,SOL,TRX"
20260905_203810,2026-09-05 20:38:10,2026-09-05 13:38:10 UTC,PAXG,Hedge,4434.0,,,,,,,,,,,,,Phòng thủ Vĩ mô,Bảo hiểm tài sản,5.49,46.2,CÂN BẰNG CHU KỲ (Fair Value) -> Giữ cấu trúc danh mục ổn định,47.22,43.82,70.0,30.0,-0.0002,Đòn bẩy cân bằng (Neutral Leverage),0.0,0.055651,4.97,4.97,33.56,35.73,5.49,25.22,Live_RPC (ethereum-rpc.publicnode.com),25911475,1423,1665,"ETH,BNB,XRP,SOL,TRX"
20260905_203810,2026-09-05 20:38:10,2026-09-05 13:38:10 UTC,USDT,Cash,1.0,,,,,,,,,,,,,Thanh khoản Chờ Gom,Dry Powder,25.22,46.2,CÂN BẰNG CHU KỲ (Fair Value) -> Giữ cấu trúc danh mục ổn định,47.22,43.82,70.0,30.0,-0.0002,Đòn bẩy cân bằng (Neutral Leverage),0.0,0.055651,4.97,4.97,33.56,35.73,5.49,25.22,Live_RPC (ethereum-rpc.publicnode.com),25911475,1423,1665,"ETH,BNB,XRP,SOL,TRX"
20260905_203814,2026-09-05 20:38:14,2026-09-05 13:38:14 UTC,BTC,Core,79674.56,76464.6755,69718.4832,81766.037,90.95,0.9744,9.69,0.9361,35.13,1.0567,52.83,49.69,47.22,CÂN BẰNG,GIỮ NGUYÊN TỶ TRỌNG CHUẨN,33.56,46.2,CÂN BẰNG CHU KỲ (Fair Value) -> Giữ cấu trúc danh mục ổn định,47.22,43.82,70.0,30.0,-0.0002,Đòn bẩy cân bằng (Neutral Leverage),0.0,0.055651,4.97,4.97,33.56,35.73,5.49,25.22,Live_RPC (ethereum-rpc.publicnode.com),25911474,1425,1661,"ETH,BNB,XRP,SOL,TRX"
20260905_203814,2026-09-05 20:38:14,2026-09-05 13:38:14 UTC,ETH,Altcoin,2457.35,2388.6125,2036.9629,2737.7531,90.84,0.8976,5.42,0.9591,43.59,1.213,60.65,51.24,48.69,CÂN BẰNG,GIỮ NGUYÊN TỶ TRỌNG CHUẨN,7.15,46.2,CÂN BẰNG CHU KỲ (Fair Value) -> Giữ cấu trúc danh mục ổn định,47.22,43.82,70.0,30.0,-0.0002,Đòn bẩy cân bằng (Neutral Leverage),0.0,0.055651,4.97,4.97,33.56,35.73,5.49,25.22,Live_RPC (ethereum-rpc.publicnode.com),25911474,1425,1661,"ETH,BNB,XRP,SOL,TRX"
20260905_203814,2026-09-05 20:38:14,2026-09-05 13:38:14 UTC,BNB,Altcoin,765.07,686.926,620.645,875.1019,94.25,0.8743,4.13,0.9559,50.71,0.9753,48.77,51.68,49.11,CÂN BẰNG,GIỮ NGUYÊN TỶ TRỌNG CHUẨN,7.15,46.2,CÂN BẰNG CHU KỲ (Fair Value) -> Giữ cấu trúc danh mục ổn định,47.22,43.82,70.0,30.0,-0.0002,Đòn bẩy cân bằng (Neutral Leverage),0.0,0.055651,4.97,4.97,33.56,35.73,5.49,25.22,Live_RPC (ethereum-rpc.publicnode.com),25911474,1425,1661,"ETH,BNB,XRP,SOL,TRX"
20260905_203814,2026-09-05 20:38:14,2026-09-05 13:38:14 UTC,XRP,Altcoin,1.4125,1.3545,1.2745,1.7662,93.56,0.7997,0.0,0.9707,68.41,0.8836,44.18,53.05,50.42,CÂN BẰNG,GIỮ NGUYÊN TỶ TRỌNG CHUẨN,7.15,46.2,CÂN BẰNG CHU KỲ (Fair Value) -> Giữ cấu trúc danh mục ổn định,47.22,43.82,70.0,30.0,-0.0002,Đòn bẩy cân bằng (Neutral Leverage),0.0,0.055651,4.97,4.97,33.56,35.73,5.49,25.22,Live_RPC (ethereum-rpc.publicnode.com),25911474,1425,1661,"ETH,BNB,XRP,SOL,TRX"
20260905_203814,2026-09-05 20:38:14,2026-09-05 13:38:14 UTC,SOL,Altcoin,102.95,96.984,82.353,123.9043,91.39,0.8309,1.72,1.0047,47.96,0.7104,35.52,47.42,45.06,CÂN BẰNG,GIỮ NGUYÊN TỶ TRỌNG CHUẨN,7.15,46.2,CÂN BẰNG CHU KỲ (Fair Value) -> Giữ cấu trúc danh mục ổn định,47.22,43.82,70.0,30.0,-0.0002,Đòn bẩy cân bằng (Neutral Leverage),0.0,0.055651,4.97,4.97,33.56,35.73,5.49,25.22,Live_RPC (ethereum-rpc.publicnode.com),25911474,1425,1661,"ETH,BNB,XRP,SOL,TRX"
20260905_203814,2026-09-05 20:38:14,2026-09-05 13:38:14 UTC,TRX,Altcoin,0.3333,0.3358,0.3245,0.31,28.13,1.0751,15.28,0.8358,28.84,0.9314,46.57,27.18,25.83,ĐỊNH GIÁ THẤP,TÍCH LŨY MẠNH (+Tỷ trọng),7.15,46.2,CÂN BẰNG CHU KỲ (Fair Value) -> Giữ cấu trúc danh mục ổn định,47.22,43.82,70.0,30.0,-0.0002,Đòn bẩy cân bằng (Neutral Leverage),0.0,0.055651,4.97,4.97,33.56,35.73,5.49,25.22,Live_RPC (ethereum-rpc.publicnode.com),25911474,1425,1661,"ETH,BNB,XRP,SOL,TRX"
20260905_203814,2026-09-05 20:38:14,2026-09-05 13:38:14 UTC,PAXG,Hedge,4434.0,,,,,,,,,,,,,Phòng thủ Vĩ mô,Bảo hiểm tài sản,5.49,46.2,CÂN BẰNG CHU KỲ (Fair Value) -> Giữ cấu trúc danh mục ổn định,47.22,43.82,70.0,30.0,-0.0002,Đòn bẩy cân bằng (Neutral Leverage),0.0,0.055651,4.97,4.97,33.56,35.73,5.49,25.22,Live_RPC (ethereum-rpc.publicnode.com),25911474,1425,1661,"ETH,BNB,XRP,SOL,TRX"
20260905_203814,2026-09-05 20:38:14,2026-09-05 13:38:14 UTC,USDT,Cash,1.0,,,,,,,,,,,,,Thanh khoản Chờ Gom,Dry Powder,25.22,46.2,CÂN BẰNG CHU KỲ (Fair Value) -> Giữ cấu trúc danh mục ổn định,47.22,43.82,70.0,30.0,-0.0002,Đòn bẩy cân bằng (Neutral Leverage),0.0,0.055651,4.97,4.97,33.56,35.73,5.49,25.22,Live_RPC (ethereum-rpc.publicnode.com),25911474,1425,1661,"ETH,BNB,XRP,SOL,TRX"
20260905_204016,2026-09-05 20:40:16,2026-09-05 13:40:16 UTC,BTC,Core,79662.01,76464.048,69718.4205,81766.0235,90.94,0.9743,9.68,0.9361,35.13,1.0567,52.83,49.69,47.21,CÂN BẰNG,GIỮ NGUYÊN TỶ TRỌNG CHUẨN,33.57,46.19,CÂN BẰNG CHU KỲ (Fair Value) -> Giữ cấu trúc danh mục ổn định,47.21,43.82,70.0,30.0,-0.0002,Đòn bẩy cân bằng (Neutral Leverage),0.0,0.05566,4.98,4.98,33.57,35.72,5.49,25.22,Live_RPC (ethereum-rpc.publicnode.com),25911485,1125,1283,"ETH,BNB,XRP,SOL,TRX"
20260905_204016,2026-09-05 20:40:16,2026-09-05 13:40:16 UTC,ETH,Altcoin,2456.84,2388.587,2036.9603,2737.7524,90.83,0.8974,5.41,0.9591,43.59,1.213,60.65,51.23,48.68,CÂN BẰNG,GIỮ NGUYÊN TỶ TRỌNG CHUẨN,7.14,46.19,CÂN BẰNG CHU KỲ (Fair Value) -> Giữ cấu trúc danh mục ổn định,47.21,43.82,70.0,30.0,-0.0002,Đòn bẩy cân bằng (Neutral Leverage),0.0,0.05566,4.98,4.98,33.57,35.72,5.49,25.22,Live_RPC (ethereum-rpc.publicnode.com),25911485,1125,1283,"ETH,BNB,XRP,SOL,TRX"
20260905_204016,2026-09-05 20:40:16,2026-09-05 13:40:16 UTC,BNB,Altcoin,765.04,686.9245,620.6449,875.101,94.24,0.8742,4.12,0.9559,50.71,0.9753,48.77,51.68,49.1,CÂN BẰNG,GIỮ NGUYÊN TỶ TRỌNG CHUẨN,7.14,46.19,CÂN BẰNG CHU KỲ (Fair Value) -> Giữ cấu trúc danh mục ổn định,47.21,43.82,70.0,30.0,-0.0002,Đòn bẩy cân bằng (Neutral Leverage),0.0,0.05566,4.98,4.98,33.57,35.72,5.49,25.22,Live_RPC (ethereum-rpc.publicnode.com),25911485,1125,1283,"ETH,BNB,XRP,SOL,TRX"
20260905_204016,2026-09-05 20:40:16,2026-09-05 13:40:16 UTC,XRP,Altcoin,1.412,1.3545,1.2745,1.7662,93.54,0.7995,0.0,0.9707,68.41,0.8836,44.18,53.05,50.41,CÂN BẰNG,GIỮ NGUYÊN TỶ TRỌNG CHUẨN,7.14,46.19,CÂN BẰNG CHU KỲ (Fair Value) -> Giữ cấu trúc danh mục ổn định,47.21,43.82,70.0,30.0,-0.0002,Đòn bẩy cân bằng (Neutral Leverage),0.0,0.05566,4.98,4.98,33.57,35.72,5.49,25.22,Live_RPC (ethereum-rpc.publicnode.com),25911485,1125,1283,"ETH,BNB,XRP,SOL,TRX"
20260905_204016,2026-09-05 20:40:16,2026-09-05 13:40:16 UTC,SOL,Altcoin,102.95,96.984,82.353,123.9043,91.39,0.8309,1.72,1.0047,47.96,0.7104,35.52,47.42,45.06,CÂN BẰNG,GIỮ NGUYÊN TỶ TRỌNG CHUẨN,7.14,46.19,CÂN BẰNG CHU KỲ (Fair Value) -> Giữ cấu trúc danh mục ổn định,47.21,43.82,70.0,30.0,-0.0002,Đòn bẩy cân bằng (Neutral Leverage),0.0,0.05566,4.98,4.98,33.57,35.72,5.49,25.22,Live_RPC (ethereum-rpc.publicnode.com),25911485,1125,1283,"ETH,BNB,XRP,SOL,TRX"
20260905_204016,2026-09-05 20:40:16,2026-09-05 13:40:16 UTC,TRX,Altcoin,0.3333,0.3358,0.3245,0.31,28.13,1.0751,15.28,0.8358,28.84,0.9314,46.57,27.18,25.83,ĐỊNH GIÁ THẤP,TÍCH LŨY MẠNH (+Tỷ trọng),7.14,46.19,CÂN BẰNG CHU KỲ (Fair Value) -> Giữ cấu trúc danh mục ổn định,47.21,43.82,70.0,30.0,-0.0002,Đòn bẩy cân bằng (Neutral Leverage),0.0,0.05566,4.98,4.98,33.57,35.72,5.49,25.22,Live_RPC (ethereum-rpc.publicnode.com),25911485,1125,1283,"ETH,BNB,XRP,SOL,TRX"
20260905_204016,2026-09-05 20:40:16,2026-09-05 13:40:16 UTC,PAXG,Hedge,4434.01,,,,,,,,,,,,,Phòng thủ Vĩ mô,Bảo hiểm tài sản,5.49,46.19,CÂN BẰNG CHU KỲ (Fair Value) -> Giữ cấu trúc danh mục ổn định,47.21,43.82,70.0,30.0,-0.0002,Đòn bẩy cân bằng (Neutral Leverage),0.0,0.05566,4.98,4.98,33.57,35.72,5.49,25.22,Live_RPC (ethereum-rpc.publicnode.com),25911485,1125,1283,"ETH,BNB,XRP,SOL,TRX"
20260905_204016,2026-09-05 20:40:16,2026-09-05 13:40:16 UTC,USDT,Cash,1.0,,,,,,,,,,,,,Thanh khoản Chờ Gom,Dry Powder,25.22,46.19,CÂN BẰNG CHU KỲ (Fair Value) -> Giữ cấu trúc danh mục ổn định,47.21,43.82,70.0,30.0,-0.0002,Đòn bẩy cân bằng (Neutral Leverage),0.0,0.05566,4.98,4.98,33.57,35.72,5.49,25.22,Live_RPC (ethereum-rpc.publicnode.com),25911485,1125,1283,"ETH,BNB,XRP,SOL,TRX"
20260905_210255,2026-09-05 21:02:55,2026-09-05 14:02:55 UTC,BTC,Core,79673.48,76464.6215,69718.4778,81765.9621,90.95,0.9744,9.69,0.9361,35.13,1.0567,52.83,49.69,47.23,CÂN BẰNG,GIỮ NGUYÊN TỶ TRỌNG CHUẨN,33.56,46.2,CÂN BẰNG CHU KỲ (Fair Value) -> Giữ cấu trúc danh mục ổn định,47.23,43.8,70.0,30.0,-0.0002,Đòn bẩy cân bằng (Neutral Leverage),0.0,0.055622,4.94,4.94,33.56,35.74,5.47,25.22,Live_RPC (ethereum-rpc.publicnode.com),25911598,1684,2079,"ETH,BNB,XRP,SOL,TRX"
20260905_210255,2026-09-05 21:02:55,2026-09-05 14:02:55 UTC,ETH,Altcoin,2456.09,2388.5495,2036.9565,2737.744,90.82,0.8971,5.4,0.9591,43.59,1.213,60.65,51.22,48.69,CÂN BẰNG,GIỮ NGUYÊN TỶ TRỌNG CHUẨN,7.15,46.2,CÂN BẰNG CHU KỲ (Fair Value) -> Giữ cấu trúc danh mục ổn định,47.23,43.8,70.0,30.0,-0.0002,Đòn bẩy cân bằng (Neutral Leverage),0.0,0.055622,4.94,4.94,33.56,35.74,5.47,25.22,Live_RPC (ethereum-rpc.publicnode.com),25911598,1684,2079,"ETH,BNB,XRP,SOL,TRX"
20260905_210255,2026-09-05 21:02:55,2026-09-05 14:02:55 UTC,BNB,Altcoin,762.17,686.781,620.6305,875.0788,94.1,0.871,3.94,0.9559,50.71,0.9753,48.77,51.58,49.03,CÂN BẰNG,GIỮ NGUYÊN TỶ TRỌNG CHUẨN,7.15,46.2,CÂN BẰNG CHU KỲ (Fair Value) -> Giữ cấu trúc danh mục ổn định,47.23,43.8,70.0,30.0,-0.0002,Đòn bẩy cân bằng (Neutral Leverage),0.0,0.055622,4.94,4.94,33.56,35.74,5.47,25.22,Live_RPC (ethereum-rpc.publicnode.com),25911598,1684,2079,"ETH,BNB,XRP,SOL,TRX"
20260905_210255,2026-09-05 21:02:55,2026-09-05 14:02:55 UTC,XRP,Altcoin,1.414,1.3546,1.2745,1.7662,93.6,0.8006,0.03,0.9707,68.41,0.8836,44.18,53.08,50.46,CÂN BẰNG,GIỮ NGUYÊN TỶ TRỌNG CHUẨN,7.15,46.2,CÂN BẰNG CHU KỲ (Fair Value) -> Giữ cấu trúc danh mục ổn định,47.23,43.8,70.0,30.0,-0.0002,Đòn bẩy cân bằng (Neutral Leverage),0.0,0.055622,4.94,4.94,33.56,35.74,5.47,25.22,Live_RPC (ethereum-rpc.publicnode.com),25911598,1684,2079,"ETH,BNB,XRP,SOL,TRX"
20260905_210255,2026-09-05 21:02:55,2026-09-05 14:02:55 UTC,SOL,Altcoin,102.81,96.977,82.3522,123.9026,91.34,0.8298,1.65,1.0047,47.96,0.7104,35.52,47.38,45.04,CÂN BẰNG,GIỮ NGUYÊN TỶ TRỌNG CHUẨN,7.15,46.2,CÂN BẰNG CHU KỲ (Fair Value) -> Giữ cấu trúc danh mục ổn định,47.23,43.8,70.0,30.0,-0.0002,Đòn bẩy cân bằng (Neutral Leverage),0.0,0.055622,4.94,4.94,33.56,35.74,5.47,25.22,Live_RPC (ethereum-rpc.publicnode.com),25911598,1684,2079,"ETH,BNB,XRP,SOL,TRX"
20260905_210255,2026-09-05 21:02:55,2026-09-05 14:02:55 UTC,TRX,Altcoin,0.3332,0.3358,0.3245,0.31,28.01,1.0747,15.26,0.8358,28.84,0.9314,46.57,27.14,25.8,ĐỊNH GIÁ THẤP,TÍCH LŨY MẠNH (+Tỷ trọng),7.15,46.2,CÂN BẰNG CHU KỲ (Fair Value) -> Giữ cấu trúc danh mục ổn định,47.23,43.8,70.0,30.0,-0.0002,Đòn bẩy cân bằng (Neutral Leverage),0.0,0.055622,4.94,4.94,33.56,35.74,5.47,25.22,Live_RPC (ethereum-rpc.publicnode.com),25911598,1684,2079,"ETH,BNB,XRP,SOL,TRX"
20260905_210255,2026-09-05 21:02:55,2026-09-05 14:02:55 UTC,PAXG,Hedge,4431.6,,,,,,,,,,,,,Phòng thủ Vĩ mô,Bảo hiểm tài sản,5.47,46.2,CÂN BẰNG CHU KỲ (Fair Value) -> Giữ cấu trúc danh mục ổn định,47.23,43.8,70.0,30.0,-0.0002,Đòn bẩy cân bằng (Neutral Leverage),0.0,0.055622,4.94,4.94,33.56,35.74,5.47,25.22,Live_RPC (ethereum-rpc.publicnode.com),25911598,1684,2079,"ETH,BNB,XRP,SOL,TRX"
20260905_210255,2026-09-05 21:02:55,2026-09-05 14:02:55 UTC,USDT,Cash,1.0,,,,,,,,,,,,,Thanh khoản Chờ Gom,Dry Powder,25.22,46.2,CÂN BẰNG CHU KỲ (Fair Value) -> Giữ cấu trúc danh mục ổn định,47.23,43.8,70.0,30.0,-0.0002,Đòn bẩy cân bằng (Neutral Leverage),0.0,0.055622,4.94,4.94,33.56,35.74,5.47,25.22,Live_RPC (ethereum-rpc.publicnode.com),25911598,1684,2079,"ETH,BNB,XRP,SOL,TRX"
