run_id,timestamp,timestamp_utc,asset,asset_key,current_weight_pct,target_weight_pct,exec_weight_pct,drift_pct,valuation_score,withdrawal_rate_pct,rebalance_action_needed,rebalance_status,actual_turnover_pct,money_turnover_mil,est_fee_cost_vnd,hmm_hour,hmm_time_str,hmm_phase,fci_score,fci_state,prob_recovery,prob_expansion,prob_slowdown,prob_recession,vnindex_price,vnindex_ma20,vnindex_ma200,volatility_current,volatility_avg,drawdown_pct,pe_current,pb_current,roe_current,rf_pct,us10y_pct,us_cpi_pct,recommendation_action,recommendation_headline,investment_note
20260905_160259,2026-09-05 16:02:59,2026-09-05 09:02:59 UTC,Cổ phiếu,equity,60.0,56.25,56.2,-3.8,0.25,3.87,True,Thực thi toàn phần,3.75,37.5,56250.0,6.7,06:42,TÍCH LŨY (6H),0.38,Trung Tính,0.5638,0.2033,0.1506,0.0822,1250.5,1265.2,1265.2,16.2,17.5,4.2,14.2,1.72,13.5,2.75,4.25,2.9,HOLD_REBALANCE,Duy trì danh mục cân bằng,
20260905_160259,2026-09-05 16:02:59,2026-09-05 09:02:59 UTC,Trái phiếu,bond,25.0,26.25,26.2,1.2,0.25,3.87,True,Thực thi toàn phần,3.75,37.5,56250.0,6.7,06:42,TÍCH LŨY (6H),0.38,Trung Tính,0.5638,0.2033,0.1506,0.0822,1250.5,1265.2,1265.2,16.2,17.5,4.2,14.2,1.72,13.5,2.75,4.25,2.9,HOLD_REBALANCE,Duy trì danh mục cân bằng,
20260905_160259,2026-09-05 16:02:59,2026-09-05 09:02:59 UTC,Vàng,gold,15.0,17.5,17.5,2.5,0.25,3.87,True,Thực thi toàn phần,3.75,37.5,56250.0,6.7,06:42,TÍCH LŨY (6H),0.38,Trung Tính,0.5638,0.2033,0.1506,0.0822,1250.5,1265.2,1265.2,16.2,17.5,4.2,14.2,1.72,13.5,2.75,4.25,2.9,HOLD_REBALANCE,Duy trì danh mục cân bằng,
20260905_163311,2026-09-05 16:33:11,2026-09-05 09:33:11 UTC,Cổ phiếu,equity,60.0,71.25,71.2,11.2,1.03,3.49,True,Thực thi toàn phần,13.75,137.5,206250.0,6.5,06:30,TÍCH LŨY (6H),0.72,Dồi Dào,0.7003,0.1912,0.0621,0.0463,1853.1,1784.4,1784.4,20.7,19.5,16.4,11.94,1.75,17.16,2.75,4.25,2.9,BUY_AGGRESSIVE,Cơ hội tích lũy tài sản lịch sử,Automated Job Background
20260905_163311,2026-09-05 16:33:11,2026-09-05 09:33:11 UTC,Trái phiếu,bond,25.0,11.25,11.2,-13.8,1.03,3.49,True,Thực thi toàn phần,13.75,137.5,206250.0,6.5,06:30,TÍCH LŨY (6H),0.72,Dồi Dào,0.7003,0.1912,0.0621,0.0463,1853.1,1784.4,1784.4,20.7,19.5,16.4,11.94,1.75,17.16,2.75,4.25,2.9,BUY_AGGRESSIVE,Cơ hội tích lũy tài sản lịch sử,Automated Job Background
20260905_163311,2026-09-05 16:33:11,2026-09-05 09:33:11 UTC,Vàng,gold,15.0,17.5,17.5,2.5,1.03,3.49,True,Thực thi toàn phần,13.75,137.5,206250.0,6.5,06:30,TÍCH LŨY (6H),0.72,Dồi Dào,0.7003,0.1912,0.0621,0.0463,1853.1,1784.4,1784.4,20.7,19.5,16.4,11.94,1.75,17.16,2.75,4.25,2.9,BUY_AGGRESSIVE,Cơ hội tích lũy tài sản lịch sử,Automated Job Background
20260905_204610,2026-09-05 20:46:10,2026-09-05 13:46:10 UTC,Cổ phiếu,equity,60.0,71.25,71.2,11.2,1.03,3.49,True,Thực thi toàn phần,13.75,137.5,206250.0,6.5,06:30,TÍCH LŨY (6H),0.72,Dồi Dào,0.7003,0.1912,0.0621,0.0463,1853.1,1784.4,1784.4,20.7,19.5,16.4,11.94,1.75,17.16,2.75,4.25,2.9,BUY_AGGRESSIVE,Cơ hội tích lũy tài sản lịch sử,Automated Job Background
20260905_204610,2026-09-05 20:46:10,2026-09-05 13:46:10 UTC,Trái phiếu,bond,25.0,11.25,11.2,-13.8,1.03,3.49,True,Thực thi toàn phần,13.75,137.5,206250.0,6.5,06:30,TÍCH LŨY (6H),0.72,Dồi Dào,0.7003,0.1912,0.0621,0.0463,1853.1,1784.4,1784.4,20.7,19.5,16.4,11.94,1.75,17.16,2.75,4.25,2.9,BUY_AGGRESSIVE,Cơ hội tích lũy tài sản lịch sử,Automated Job Background
20260905_204610,2026-09-05 20:46:10,2026-09-05 13:46:10 UTC,Vàng,gold,15.0,17.5,17.5,2.5,1.03,3.49,True,Thực thi toàn phần,13.75,137.5,206250.0,6.5,06:30,TÍCH LŨY (6H),0.72,Dồi Dào,0.7003,0.1912,0.0621,0.0463,1853.1,1784.4,1784.4,20.7,19.5,16.4,11.94,1.75,17.16,2.75,4.25,2.9,BUY_AGGRESSIVE,Cơ hội tích lũy tài sản lịch sử,Automated Job Background
